espn_id,team,season,head_coach,hc_year,offensive_coordinator,oc_year,defensive_coordinator,dc_year,source
22,Arizona Cardinals,2005,Dennis Green,,,,,,2005 Arizona Cardinals season
1,Atlanta Falcons,2005,Jim Mora,,,,,,2005 Atlanta Falcons season
33,Baltimore Ravens,2005,Brian Billick,,,,,,2005 Baltimore Ravens season
2,Buffalo Bills,2005,Mike Mularkey,,,,,,2005 Buffalo Bills season
29,Carolina Panthers,2005,John Fox,,,,,,2005 Carolina Panthers season
3,Chicago Bears,2005,Lovie Smith,,,,,,2005 Chicago Bears season
4,Cincinnati Bengals,2005,Marvin Lewis,,,,,,2005 Cincinnati Bengals season
5,Cleveland Browns,2005,Romeo Crennel,,,,,,2005 Cleveland Browns season
6,Dallas Cowboys,2005,Bill Parcells,,,,,,2005 Dallas Cowboys season
7,Denver Broncos,2005,Mike Shanahan,,Gary Kubiak,,Larry Coyer,,2005 Denver Broncos season
8,Detroit Lions,2005,Steve Mariucci / Dick Jauron,,,,,,2005 Detroit Lions season
9,Green Bay Packers,2005,Mike Sherman,,,,,,2005 Green Bay Packers season
34,Houston Texans,2005,Dom Capers,,,,,,2005 Houston Texans season
11,Indianapolis Colts,2005,Tony Dungy,,,,,,2005 Indianapolis Colts season
30,Jacksonville Jaguars,2005,Jack Del Rio,,Carl Smith,,Mike Smith,,2005 Jacksonville Jaguars season
12,Kansas City Chiefs,2005,Dick Vermeil,,,,,,2005 Kansas City Chiefs season
13,Las Vegas Raiders,2005,Norv Turner,,,,,,2005 Oakland Raiders season
24,Los Angeles Chargers,2005,Marty Schottenheimer,,,,,,2005 San Diego Chargers season
14,Los Angeles Rams,2005,Mike Martz / Joe Vitt,,,,,,2005 St. Louis Rams season
15,Miami Dolphins,2005,Nick Saban,,,,,,2005 Miami Dolphins season
16,Minnesota Vikings,2005,Mike Tice,,,,,,2005 Minnesota Vikings season
17,New England Patriots,2005,Bill Belichick,,,,,,2005 New England Patriots season
18,New Orleans Saints,2005,Jim Haslett,,,,,,2005 New Orleans Saints season
19,New York Giants,2005,Tom Coughlin,,,,,,2005 New York Giants season
20,New York Jets,2005,Herman Edwards,,,,,,2005 New York Jets season
21,Philadelphia Eagles,2005,Andy Reid,,,,,,2005 Philadelphia Eagles season
23,Pittsburgh Steelers,2005,Bill Cowher,,,,,,2005 Pittsburgh Steelers season
25,San Francisco 49ers,2005,Mike Nolan,,,,,,2005 San Francisco 49ers season
26,Seattle Seahawks,2005,Mike Holmgren,,,,,,2005 Seattle Seahawks season
27,Tampa Bay Buccaneers,2005,Jon Gruden,,,,,,2005 Tampa Bay Buccaneers season
10,Tennessee Titans,2005,Jeff Fisher,,,,,,2005 Tennessee Titans season
28,Washington Commanders,2005,Joe Gibbs,,,,,,2005 Washington Redskins season
22,Arizona Cardinals,2006,Dennis Green,,,,,,2006 Arizona Cardinals season
1,Atlanta Falcons,2006,Jim Mora,,Greg Knapp,,Ed Donatell,,2006 Atlanta Falcons season
33,Baltimore Ravens,2006,Brian Billick,,Jim Fassel,,Rex Ryan,,2006 Baltimore Ravens season
2,Buffalo Bills,2006,Dick Jauron,,,,,,2006 Buffalo Bills season
29,Carolina Panthers,2006,John Fox,,Dan Henning,,Mike Trgovac,,2006 Carolina Panthers season
3,Chicago Bears,2006,Lovie Smith,,Ron Turner,,Ron Rivera,,2006 Chicago Bears season
4,Cincinnati Bengals,2006,Marvin Lewis,,Bob Bratkowski,,Chuck Bresnahan,,2006 Cincinnati Bengals season
5,Cleveland Browns,2006,Romeo Crennel,,,,,,2006 Cleveland Browns season
6,Dallas Cowboys,2006,Bill Parcells,,,,Mike Zimmer,,2006 Dallas Cowboys season
7,Denver Broncos,2006,Mike Shanahan,,Rick Dennison,,Larry Coyer,,2006 Denver Broncos season
8,Detroit Lions,2006,Rod Marinelli,,Mike Martz,,Donnie Henderson,,2006 Detroit Lions season
9,Green Bay Packers,2006,Mike McCarthy,,,,,,2006 Green Bay Packers season
34,Houston Texans,2006,Gary Kubiak,,Troy Calhoun,,Richard Smith,,2006 Houston Texans season
11,Indianapolis Colts,2006,Tony Dungy,,Tom Moore,,Ron Meeks,,2006 Indianapolis Colts season
30,Jacksonville Jaguars,2006,Jack Del Rio,,Carl Smith,,Mike Smith,,2006 Jacksonville Jaguars season
12,Kansas City Chiefs,2006,Herm Edwards,,Mike Solari,,Gunther Cunningham,,2006 Kansas City Chiefs season
13,Las Vegas Raiders,2006,Art Shell,,,,,,2006 Oakland Raiders season
24,Los Angeles Chargers,2006,Marty Schottenheimer,,Cam Cameron,,Wade Phillips,,2006 San Diego Chargers season
14,Los Angeles Rams,2006,Scott Linehan,,,,,,2006 St. Louis Rams season
15,Miami Dolphins,2006,Nick Saban,,,,,,2006 Miami Dolphins season
16,Minnesota Vikings,2006,Brad Childress,,,,,,2006 Minnesota Vikings season
17,New England Patriots,2006,Bill Belichick,,Josh McDaniels,,Dean Pees,,2006 New England Patriots season
18,New Orleans Saints,2006,Sean Payton,,Doug Marrone,,Gary Gibbs,,2006 New Orleans Saints season
19,New York Giants,2006,Tom Coughlin,,John Hufnagel,,Tim Lewis,,2006 New York Giants season
20,New York Jets,2006,Eric Mangini,,Brian Schottenheimer,,Bob Sutton,,2006 New York Jets season
21,Philadelphia Eagles,2006,Andy Reid,,Marty Mornhinweg,,Jim Johnson,,2006 Philadelphia Eagles season
23,Pittsburgh Steelers,2006,Bill Cowher,,Ken Whisenhunt,,Dick LeBeau,,2006 Pittsburgh Steelers season
25,San Francisco 49ers,2006,Mike Nolan,,Norv Turner,,Bill Davis,,2006 San Francisco 49ers season
26,Seattle Seahawks,2006,Mike Holmgren,,Gil Haskell,,John Marshall,,2006 Seattle Seahawks season
27,Tampa Bay Buccaneers,2006,Jon Gruden,,,,,,2006 Tampa Bay Buccaneers season
10,Tennessee Titans,2006,Jeff Fisher,,,,,,2006 Tennessee Titans season
28,Washington Commanders,2006,Joe Gibbs,,Al Saunders,,Gregg Williams,,2006 Washington Redskins season
22,Arizona Cardinals,2007,Ken Whisenhunt,,,,,,2007 Arizona Cardinals season
1,Atlanta Falcons,2007,Bobby Petrino / Emmitt Thomas,,,,,,2007 Atlanta Falcons season
33,Baltimore Ravens,2007,Brian Billick,,Rick Neuheisel,,Rex Ryan,,2007 Baltimore Ravens season
2,Buffalo Bills,2007,Dick Jauron,,,,,,2007 Buffalo Bills season
29,Carolina Panthers,2007,John Fox,,Jeff Davidson,,Mike Trgovac,,2007 Carolina Panthers season
3,Chicago Bears,2007,Lovie Smith,,Ron Turner,,Bob Babich,,2007 Chicago Bears season
4,Cincinnati Bengals,2007,Marvin Lewis,,Bob Bratkowski,,Chuck Bresnahan,,2007 Cincinnati Bengals season
5,Cleveland Browns,2007,Romeo Crennel,,,,,,2007 Cleveland Browns season
6,Dallas Cowboys,2007,Wade Phillips,,Jason Garrett,,Brian Stewart,,2007 Dallas Cowboys season
7,Denver Broncos,2007,Mike Shanahan,,Rick Dennison,,Bob Slowik,,2007 Denver Broncos season
8,Detroit Lions,2007,Rod Marinelli,,,,,,2007 Detroit Lions season
9,Green Bay Packers,2007,Mike McCarthy,,Joe Philbin,,Bob Sanders,,2007 Green Bay Packers season
34,Houston Texans,2007,Gary Kubiak,,Mike Sherman,,Richard Smith,,2007 Houston Texans season
11,Indianapolis Colts,2007,Tony Dungy,,Tom Moore,,Ron Meeks,,2007 Indianapolis Colts season
30,Jacksonville Jaguars,2007,Jack Del Rio,,Dirk Koetter,,Mike Smith,,2007 Jacksonville Jaguars season
12,Kansas City Chiefs,2007,Herm Edwards,,Mike Solari,,Gunther Cunningham,,2007 Kansas City Chiefs season
13,Las Vegas Raiders,2007,Lane Kiffin,,,,,,2007 Oakland Raiders season
24,Los Angeles Chargers,2007,Norv Turner,,Clarence Shelmon,,Ted Cottrell,,2007 San Diego Chargers season
14,Los Angeles Rams,2007,Scott Linehan,,,,,,2007 St. Louis Rams season
15,Miami Dolphins,2007,Cam Cameron,,,,,,2007 Miami Dolphins season
16,Minnesota Vikings,2007,Brad Childress,,,,,,2007 Minnesota Vikings season
17,New England Patriots,2007,Bill Belichick,,Josh McDaniels,,Dean Pees,,2007 New England Patriots season
18,New Orleans Saints,2007,Sean Payton,,,,,,2007 New Orleans Saints season
19,New York Giants,2007,Tom Coughlin,,Kevin Gilbride,,Steve Spagnuolo,,2007 New York Giants season
20,New York Jets,2007,Eric Mangini,,,,,,2007 New York Jets season
21,Philadelphia Eagles,2007,Andy Reid,,Marty Mornhinweg,,Jim Johnson,,2007 Philadelphia Eagles season
23,Pittsburgh Steelers,2007,Mike Tomlin,,Bruce Arians,,Dick LeBeau,,2007 Pittsburgh Steelers season
25,San Francisco 49ers,2007,Mike Nolan,,Jim Hostler,,Greg Manusky,,2007 San Francisco 49ers season
26,Seattle Seahawks,2007,Mike Holmgren,,Gil Haskell,,John Marshall,,2007 Seattle Seahawks season
27,Tampa Bay Buccaneers,2007,Jon Gruden,,Bill Muir,,Monte Kiffin,,2007 Tampa Bay Buccaneers season
10,Tennessee Titans,2007,Jeff Fisher,,Norm Chow,,Jim Schwartz,,2007 Tennessee Titans season
28,Washington Commanders,2007,Joe Gibbs,,Al Saunders,,Gregg Williams,,2007 Washington Redskins season
22,Arizona Cardinals,2008,Ken Whisenhunt,,Todd Haley,,Clancy Pendergast,,2008 Arizona Cardinals season
1,Atlanta Falcons,2008,Mike Smith,,Mike Mularkey,,Brian VanGorder,,2008 Atlanta Falcons season
33,Baltimore Ravens,2008,John Harbaugh,,Cam Cameron,,Rex Ryan,,2008 Baltimore Ravens season
2,Buffalo Bills,2008,Dick Jauron,,,,,,2008 Buffalo Bills season
29,Carolina Panthers,2008,John Fox,,Jeff Davidson,,Mike Trgovac,,2008 Carolina Panthers season
3,Chicago Bears,2008,Lovie Smith,,Ron Turner,,Bob Babich,,2008 Chicago Bears season
4,Cincinnati Bengals,2008,Marvin Lewis,,,,,,2008 Cincinnati Bengals season
5,Cleveland Browns,2008,Romeo Crennel,,,,,,2008 Cleveland Browns season
6,Dallas Cowboys,2008,Wade Phillips,,,,,,2008 Dallas Cowboys season
7,Denver Broncos,2008,Mike Shanahan,,Rick Dennison,,Bob Slowik,,2008 Denver Broncos season
8,Detroit Lions,2008,Rod Marinelli,,Jim Colletto,,Joe Barry,,2008 Detroit Lions season
9,Green Bay Packers,2008,Mike McCarthy,,,,,,2008 Green Bay Packers season
34,Houston Texans,2008,Gary Kubiak,,Kyle Shanahan,,Richard Smith,,2008 Houston Texans season
11,Indianapolis Colts,2008,Tony Dungy,,Tom Moore,,Ron Meeks,,2008 Indianapolis Colts season
30,Jacksonville Jaguars,2008,Jack Del Rio,,Dirk Koetter,,Gregg Williams,,2008 Jacksonville Jaguars season
12,Kansas City Chiefs,2008,Herm Edwards,,Chan Gailey,,Gunther Cunningham,,2008 Kansas City Chiefs season
13,Las Vegas Raiders,2008,Lane Kiffin / Tom Cable,,,,,,2008 Oakland Raiders season
24,Los Angeles Chargers,2008,Norv Turner,,Clarence Shelmon,,Ted Cottrell / Ron Rivera,,2008 San Diego Chargers season
14,Los Angeles Rams,2008,Scott Linehan / Jim Haslett,,,,,,2008 St. Louis Rams season
15,Miami Dolphins,2008,Tony Sparano,,Dan Henning,,Paul Pasqualoni,,2008 Miami Dolphins season
16,Minnesota Vikings,2008,Brad Childress,,Darrell Bevell,,Leslie Frazier,,2008 Minnesota Vikings season
17,New England Patriots,2008,Bill Belichick,,,,,,2008 New England Patriots season
18,New Orleans Saints,2008,Sean Payton,,,,,,2008 New Orleans Saints season
19,New York Giants,2008,Tom Coughlin,,Kevin Gilbride,,Steve Spagnuolo,,2008 New York Giants season
20,New York Jets,2008,Eric Mangini,,,,,,2008 New York Jets season
21,Philadelphia Eagles,2008,Andy Reid,,Marty Mornhinweg,,Jim Johnson,,2008 Philadelphia Eagles season
23,Pittsburgh Steelers,2008,Mike Tomlin,,Bruce Arians,,Dick LeBeau,,2008 Pittsburgh Steelers season
25,San Francisco 49ers,2008,Mike Nolan / Mike Singletary,,Mike Martz,,Greg Manusky,,2008 San Francisco 49ers season
26,Seattle Seahawks,2008,Mike Holmgren,,,,,,2008 Seattle Seahawks season
27,Tampa Bay Buccaneers,2008,Jon Gruden,,,,,,2008 Tampa Bay Buccaneers season
10,Tennessee Titans,2008,Jeff Fisher,,Mike Heimerdinger,,Jim Schwartz,,2008 Tennessee Titans season
28,Washington Commanders,2008,Jim Zorn,,Sherman Smith,,Greg Blache,,2008 Washington Redskins season
22,Arizona Cardinals,2009,Ken Whisenhunt,,,,Billy Davis,,2009 Arizona Cardinals season
1,Atlanta Falcons,2009,Mike Smith,,,,,,2009 Atlanta Falcons season
33,Baltimore Ravens,2009,John Harbaugh,,Cam Cameron,,Greg Mattison,,2009 Baltimore Ravens season
2,Buffalo Bills,2009,Dick Jauron / Perry Fewell,,,,,,2009 Buffalo Bills season
29,Carolina Panthers,2009,John Fox,,,,,,2009 Carolina Panthers season
3,Chicago Bears,2009,Lovie Smith,,,,,,2009 Chicago Bears season
4,Cincinnati Bengals,2009,Marvin Lewis,,Bob Bratkowski,,Mike Zimmer,,2009 Cincinnati Bengals season
5,Cleveland Browns,2009,Eric Mangini,,,,,,2009 Cleveland Browns season
6,Dallas Cowboys,2009,Wade Phillips,,Jason Garrett,,,,2009 Dallas Cowboys season
7,Denver Broncos,2009,Josh McDaniels,,,,,,2009 Denver Broncos season
8,Detroit Lions,2009,Jim Schwartz,,,,,,2009 Detroit Lions season
9,Green Bay Packers,2009,Mike McCarthy,,Joe Philbin,,Dom Capers,,2009 Green Bay Packers season
34,Houston Texans,2009,Gary Kubiak,,Kyle Shanahan,,Frank Bush,,2009 Houston Texans season
11,Indianapolis Colts,2009,Jim Caldwell,,Tom Moore,,Larry Coyer,,2009 Indianapolis Colts season
30,Jacksonville Jaguars,2009,Jack Del Rio,,Dirk Koetter,,Mel Tucker,,2009 Jacksonville Jaguars season
12,Kansas City Chiefs,2009,Todd Haley,,,,,,2009 Kansas City Chiefs season
13,Las Vegas Raiders,2009,Tom Cable,,,,,,2009 Oakland Raiders season
24,Los Angeles Chargers,2009,Norv Turner,,Clarence Shelmon,,Ron Rivera,,2009 San Diego Chargers season
14,Los Angeles Rams,2009,Steve Spagnuolo,,,,,,2009 St. Louis Rams season
15,Miami Dolphins,2009,Tony Sparano,,,,,,2009 Miami Dolphins season
16,Minnesota Vikings,2009,Brad Childress,,Darrell Bevell,,Leslie Frazier,,2009 Minnesota Vikings season
17,New England Patriots,2009,Bill Belichick,,,,Dean Pees,,2009 New England Patriots season
18,New Orleans Saints,2009,Sean Payton,,Pete Carmichael Jr.,,Gregg Williams,,2009 New Orleans Saints season
19,New York Giants,2009,Tom Coughlin,,,,,,2009 New York Giants season
20,New York Jets,2009,Rex Ryan,,Brian Schottenheimer,,Mike Pettine,,2009 New York Jets season
21,Philadelphia Eagles,2009,Andy Reid,,Marty Mornhinweg,,Sean McDermott,,2009 Philadelphia Eagles season
23,Pittsburgh Steelers,2009,Mike Tomlin,,Bruce Arians,,Dick LeBeau,,2009 Pittsburgh Steelers season
25,San Francisco 49ers,2009,Mike Singletary,,Jimmy Raye,,Greg Manusky,,2009 San Francisco 49ers season
26,Seattle Seahawks,2009,Jim L. Mora,,,,,,2009 Seattle Seahawks season
27,Tampa Bay Buccaneers,2009,Raheem Morris,,,,,,2009 Tampa Bay Buccaneers season
10,Tennessee Titans,2009,Jeff Fisher,,,,,,2009 Tennessee Titans season
28,Washington Commanders,2009,Jim Zorn,,Sherman Lewis,,Greg Blache,,2009 Washington Redskins season
22,Arizona Cardinals,2010,Ken Whisenhunt,,,,,,2010 Arizona Cardinals season
1,Atlanta Falcons,2010,Mike Smith,,Mike Mularkey,,Brian VanGorder,,2010 Atlanta Falcons season
33,Baltimore Ravens,2010,John Harbaugh,,Cam Cameron,,Greg Mattison,,2010 Baltimore Ravens season
2,Buffalo Bills,2010,Chan Gailey,,,,,,2010 Buffalo Bills season
29,Carolina Panthers,2010,John Fox,,,,,,2010 Carolina Panthers season
3,Chicago Bears,2010,Lovie Smith,,Mike Martz,,Rod Marinelli,,2010 Chicago Bears season
4,Cincinnati Bengals,2010,Marvin Lewis,,,,,,2010 Cincinnati Bengals season
5,Cleveland Browns,2010,Eric Mangini,,Brian Daboll,,Rob Ryan,,2010 Cleveland Browns season
6,Dallas Cowboys,2010,Wade Phillips / Jason Garrett,,,,,,2010 Dallas Cowboys season
7,Denver Broncos,2010,Josh McDaniels / Eric Studesville,,,,,,2010 Denver Broncos season
8,Detroit Lions,2010,Jim Schwartz,,,,,,2010 Detroit Lions season
9,Green Bay Packers,2010,Mike McCarthy,,Joe Philbin,,Dom Capers,,2010 Green Bay Packers season
34,Houston Texans,2010,Gary Kubiak,,Rick Dennison,,Frank Bush,,2010 Houston Texans season
11,Indianapolis Colts,2010,Jim Caldwell,,Clyde Christensen,,Larry Coyer,,2010 Indianapolis Colts season
30,Jacksonville Jaguars,2010,Jack Del Rio,,Dirk Koetter,,Mel Tucker,,2010 Jacksonville Jaguars season
12,Kansas City Chiefs,2010,Todd Haley,,Charlie Weis,,Romeo Crennel,,2010 Kansas City Chiefs season
13,Las Vegas Raiders,2010,Tom Cable,,,,,,2010 Oakland Raiders season
24,Los Angeles Chargers,2010,Norv Turner,,,,,,2010 San Diego Chargers season
14,Los Angeles Rams,2010,Steve Spagnuolo,,,,,,2010 St. Louis Rams season
15,Miami Dolphins,2010,Tony Sparano,,,,,,2010 Miami Dolphins season
16,Minnesota Vikings,2010,Brad Childress / Leslie Frazier,,,,,,2010 Minnesota Vikings season
17,New England Patriots,2010,Bill Belichick,,,,,,2010 New England Patriots season
18,New Orleans Saints,2010,Sean Payton,,Pete Carmichael Jr.,,Gregg Williams,,2010 New Orleans Saints season
19,New York Giants,2010,Tom Coughlin,,,,,,2010 New York Giants season
20,New York Jets,2010,Rex Ryan,,Brian Schottenheimer,,Mike Pettine,,2010 New York Jets season
21,Philadelphia Eagles,2010,Andy Reid,,Marty Mornhinweg,,Sean McDermott,,2010 Philadelphia Eagles season
23,Pittsburgh Steelers,2010,Mike Tomlin,,Bruce Arians,,Dick LeBeau,,2010 Pittsburgh Steelers season
25,San Francisco 49ers,2010,Mike Singletary / Jim Tomsula,,Jimmy Raye,,Greg Manusky,,2010 San Francisco 49ers season
26,Seattle Seahawks,2010,Pete Carroll,,Jeremy Bates,,Gus Bradley,,2010 Seattle Seahawks season
27,Tampa Bay Buccaneers,2010,Raheem Morris,,,,,,2010 Tampa Bay Buccaneers season
10,Tennessee Titans,2010,Jeff Fisher,,,,,,2010 Tennessee Titans season
28,Washington Commanders,2010,Mike Shanahan,,Kyle Shanahan,,Jim Haslett,,2010 Washington Redskins season
22,Arizona Cardinals,2011,Ken Whisenhunt,,,,,,2011 Arizona Cardinals season
1,Atlanta Falcons,2011,Mike Smith,,Mike Mularkey,,Brian VanGorder,,2011 Atlanta Falcons season
33,Baltimore Ravens,2011,John Harbaugh,,Cam Cameron,,Chuck Pagano,,2011 Baltimore Ravens season
2,Buffalo Bills,2011,Chan Gailey,,,,,,2011 Buffalo Bills season
29,Carolina Panthers,2011,Ron Rivera,,,,,,2011 Carolina Panthers season
3,Chicago Bears,2011,Lovie Smith,,,,,,2011 Chicago Bears season
4,Cincinnati Bengals,2011,Marvin Lewis,,Jay Gruden,,Mike Zimmer,,2011 Cincinnati Bengals season
5,Cleveland Browns,2011,Pat Shurmur,,,,Dick Jauron,,2011 Cleveland Browns season
6,Dallas Cowboys,2011,Jason Garrett,,,,,,2011 Dallas Cowboys season
7,Denver Broncos,2011,John Fox,,Mike McCoy,,Dennis Allen,,2011 Denver Broncos season
8,Detroit Lions,2011,Jim Schwartz,,Scott Linehan,,Gunther Cunningham,,2011 Detroit Lions season
9,Green Bay Packers,2011,Mike McCarthy,,Joe Philbin,,Dom Capers,,2011 Green Bay Packers season
34,Houston Texans,2011,Gary Kubiak,,Rick Dennison,,Wade Phillips,,2011 Houston Texans season
11,Indianapolis Colts,2011,Jim Caldwell,,,,,,2011 Indianapolis Colts season
30,Jacksonville Jaguars,2011,Jack Del Rio / Mel Tucker,,Dirk Koetter,,Mel Tucker,,2011 Jacksonville Jaguars season
12,Kansas City Chiefs,2011,Todd Haley / Romeo Crennel,,Bill Muir,,Romeo Crennel,,2011 Kansas City Chiefs season
13,Las Vegas Raiders,2011,Hue Jackson,,,,,,2011 Oakland Raiders season
24,Los Angeles Chargers,2011,Norv Turner,,,,,,2011 San Diego Chargers season
14,Los Angeles Rams,2011,Steve Spagnuolo,,,,,,2011 St. Louis Rams season
15,Miami Dolphins,2011,Tony Sparano / Todd Bowles,,,,,,2011 Miami Dolphins season
16,Minnesota Vikings,2011,Leslie Frazier,,,,,,2011 Minnesota Vikings season
17,New England Patriots,2011,Bill Belichick,,Bill O'Brien,,,,2011 New England Patriots season
18,New Orleans Saints,2011,Sean Payton,,Pete Carmichael Jr.,,Gregg Williams,,2011 New Orleans Saints season
19,New York Giants,2011,Tom Coughlin,,,,,,2011 New York Giants season
20,New York Jets,2011,Rex Ryan,,,,,,2011 New York Jets season
21,Philadelphia Eagles,2011,Andy Reid,,,,,,2011 Philadelphia Eagles season
23,Pittsburgh Steelers,2011,Mike Tomlin,,Bruce Arians,,Dick LeBeau,,2011 Pittsburgh Steelers season
25,San Francisco 49ers,2011,Jim Harbaugh,,Greg Roman,,Vic Fangio,,2011 San Francisco 49ers season
26,Seattle Seahawks,2011,Pete Carroll,,,,,,2011 Seattle Seahawks season
27,Tampa Bay Buccaneers,2011,Raheem Morris,,,,,,2011 Tampa Bay Buccaneers season
10,Tennessee Titans,2011,Mike Munchak,,,,,,2011 Tennessee Titans season
28,Washington Commanders,2011,Mike Shanahan,,Kyle Shanahan,,Jim Haslett,,2011 Washington Redskins season
22,Arizona Cardinals,2012,Ken Whisenhunt,,,,,,2012 Arizona Cardinals season
1,Atlanta Falcons,2012,Mike Smith,,Dirk Koetter,,Mike Nolan,,2012 Atlanta Falcons season
33,Baltimore Ravens,2012,John Harbaugh,,Cam Cameron / Jim Caldwell,,Dean Pees,,2012 Baltimore Ravens season
2,Buffalo Bills,2012,Chan Gailey,,,,,,2012 Buffalo Bills season
29,Carolina Panthers,2012,Ron Rivera,,,,,,2012 Carolina Panthers season
3,Chicago Bears,2012,Lovie Smith,,,,,,2012 Chicago Bears season
4,Cincinnati Bengals,2012,Marvin Lewis,,Jay Gruden,,Mike Zimmer,,2012 Cincinnati Bengals season
5,Cleveland Browns,2012,Pat Shurmur,,,,,,2012 Cleveland Browns season
6,Dallas Cowboys,2012,Jason Garrett,,,,,,2012 Dallas Cowboys season
7,Denver Broncos,2012,John Fox,,Mike McCoy,,Jack Del Rio,,2012 Denver Broncos season
8,Detroit Lions,2012,Jim Schwartz,,Scott Linehan,,Gunther Cunningham,,2012 Detroit Lions season
9,Green Bay Packers,2012,Mike McCarthy,,Tom Clements,,Dom Capers,,2012 Green Bay Packers season
34,Houston Texans,2012,Gary Kubiak,,Rick Dennison,,Wade Phillips,,2012 Houston Texans season
11,Indianapolis Colts,2012,Chuck Pagano / Bruce Arians,,Bruce Arians,,Greg Manusky,,2012 Indianapolis Colts season
30,Jacksonville Jaguars,2012,Mike Mularkey,,Bob Bratkowski,,Mel Tucker,,2012 Jacksonville Jaguars season
12,Kansas City Chiefs,2012,Romeo Crennel,,Brian Daboll,,,,2012 Kansas City Chiefs season
13,Las Vegas Raiders,2012,Dennis Allen,,,,,,2012 Oakland Raiders season
24,Los Angeles Chargers,2012,Norv Turner,,,,,,2012 San Diego Chargers season
14,Los Angeles Rams,2012,Jeff Fisher,,,,,,2012 St. Louis Rams season
15,Miami Dolphins,2012,Joe Philbin,,,,,,2012 Miami Dolphins season
16,Minnesota Vikings,2012,Leslie Frazier,,Bill Musgrave,,Alan Williams,,2012 Minnesota Vikings season
17,New England Patriots,2012,Bill Belichick,,Josh McDaniels,,Matt Patricia,,2012 New England Patriots season
18,New Orleans Saints,2012,Sean Payton / Joe Vitt / Aaron Kromer,,,,,,2012 New Orleans Saints season
19,New York Giants,2012,Tom Coughlin,,,,,,2012 New York Giants season
20,New York Jets,2012,Rex Ryan,,,,,,2012 New York Jets season
21,Philadelphia Eagles,2012,Andy Reid,,,,,,2012 Philadelphia Eagles season
23,Pittsburgh Steelers,2012,Mike Tomlin,,Todd Haley,,Dick LeBeau,,2012 Pittsburgh Steelers season
25,San Francisco 49ers,2012,Jim Harbaugh,,Greg Roman,,Vic Fangio,,2012 San Francisco 49ers season
26,Seattle Seahawks,2012,Pete Carroll,,Darrell Bevell,,Gus Bradley,,2012 Seattle Seahawks season
27,Tampa Bay Buccaneers,2012,Greg Schiano,,,,,,2012 Tampa Bay Buccaneers season
10,Tennessee Titans,2012,Mike Munchak,,,,,,2012 Tennessee Titans season
28,Washington Commanders,2012,Mike Shanahan,,Kyle Shanahan,,Jim Haslett,,2012 Washington Redskins season
22,Arizona Cardinals,2013,Bruce Arians,,,,,,2013 Arizona Cardinals season
1,Atlanta Falcons,2013,Mike Smith,,,,,,2013 Atlanta Falcons season
33,Baltimore Ravens,2013,John Harbaugh,,Jim Caldwell,,Dean Pees,,2013 Baltimore Ravens season
2,Buffalo Bills,2013,Doug Marrone,,,,,,2013 Buffalo Bills season
29,Carolina Panthers,2013,Ron Rivera,,Mike Shula,,Sean McDermott,,2013 Carolina Panthers season
3,Chicago Bears,2013,Marc Trestman,,,,,,2013 Chicago Bears season
4,Cincinnati Bengals,2013,Marvin Lewis,,Jay Gruden,,Mike Zimmer,,2013 Cincinnati Bengals season
5,Cleveland Browns,2013,Rob Chudzinski,,,,,,2013 Cleveland Browns season
6,Dallas Cowboys,2013,Jason Garrett,,,,,,2013 Dallas Cowboys season
7,Denver Broncos,2013,John Fox / Jack Del Rio,,Adam Gase,,Jack Del Rio,,2013 Denver Broncos season
8,Detroit Lions,2013,Jim Schwartz,,Scott Linehan,,Gunther Cunningham,,2013 Detroit Lions season
9,Green Bay Packers,2013,Mike McCarthy,,Tom Clements,,Dom Capers,,2013 Green Bay Packers season
34,Houston Texans,2013,Gary Kubiak / Wade Phillips,,Rick Dennison,,Wade Phillips,,2013 Houston Texans season
11,Indianapolis Colts,2013,Chuck Pagano,,Pep Hamilton,,Greg Manusky,,2013 Indianapolis Colts season
30,Jacksonville Jaguars,2013,Gus Bradley,,Jedd Fisch,,Bob Babich,,2013 Jacksonville Jaguars season
12,Kansas City Chiefs,2013,Andy Reid,,Doug Pederson,,Bob Sutton,,2013 Kansas City Chiefs season
13,Las Vegas Raiders,2013,Dennis Allen,,,,,,2013 Oakland Raiders season
24,Los Angeles Chargers,2013,Mike McCoy,,Ken Whisenhunt,,John Pagano,,2013 San Diego Chargers season
14,Los Angeles Rams,2013,Jeff Fisher,,,,,,2013 St. Louis Rams season
15,Miami Dolphins,2013,Joe Philbin,,,,,,2013 Miami Dolphins season
16,Minnesota Vikings,2013,Leslie Frazier,,,,,,2013 Minnesota Vikings season
17,New England Patriots,2013,Bill Belichick,,Josh McDaniels,,Matt Patricia,,2013 New England Patriots season
18,New Orleans Saints,2013,Sean Payton,,Pete Carmichael Jr.,,Rob Ryan,,2013 New Orleans Saints season
19,New York Giants,2013,Tom Coughlin,,,,,,2013 New York Giants season
20,New York Jets,2013,Rex Ryan,,,,,,2013 New York Jets season
21,Philadelphia Eagles,2013,Chip Kelly,,Pat Shurmur,,Billy Davis,,2013 Philadelphia Eagles season
23,Pittsburgh Steelers,2013,Mike Tomlin,,Todd Haley,,Dick LeBeau,,2013 Pittsburgh Steelers season
25,San Francisco 49ers,2013,Jim Harbaugh,,Greg Roman,,Vic Fangio,,2013 San Francisco 49ers season
26,Seattle Seahawks,2013,Pete Carroll,,Darrell Bevell,,Dan Quinn,,2013 Seattle Seahawks season
27,Tampa Bay Buccaneers,2013,Greg Schiano,,,,,,2013 Tampa Bay Buccaneers season
10,Tennessee Titans,2013,Mike Munchak,,,,,,2013 Tennessee Titans season
28,Washington Commanders,2013,Mike Shanahan,,Kyle Shanahan,,Jim Haslett,,2013 Washington Redskins season
22,Arizona Cardinals,2014,Bruce Arians,,Harold Goodwin,,Todd Bowles,,2014 Arizona Cardinals season
1,Atlanta Falcons,2014,Mike Smith,,,,,,2014 Atlanta Falcons season
33,Baltimore Ravens,2014,John Harbaugh,,Gary Kubiak,,Dean Pees,,2014 Baltimore Ravens season
2,Buffalo Bills,2014,Doug Marrone,,,,,,2014 Buffalo Bills season
29,Carolina Panthers,2014,Ron Rivera,,Mike Shula,,Sean McDermott,,2014 Carolina Panthers season
3,Chicago Bears,2014,Marc Trestman,,,,,,2014 Chicago Bears season
4,Cincinnati Bengals,2014,Marvin Lewis,,Hue Jackson,,Paul Guenther,,2014 Cincinnati Bengals season
5,Cleveland Browns,2014,Mike Pettine,,,,,,2014 Cleveland Browns season
6,Dallas Cowboys,2014,Jason Garrett,,Bill Callahan,,Rod Marinelli,,2014 Dallas Cowboys season
7,Denver Broncos,2014,John Fox,,Adam Gase,,Jack Del Rio,,2014 Denver Broncos season
8,Detroit Lions,2014,Jim Caldwell,,Joe Lombardi,,Teryl Austin,,2014 Detroit Lions season
9,Green Bay Packers,2014,Mike McCarthy,,Tom Clements,,Dom Capers,,2014 Green Bay Packers season
34,Houston Texans,2014,Bill O'Brien,,,,Romeo Crennel,,2014 Houston Texans season
11,Indianapolis Colts,2014,Chuck Pagano,,Pep Hamilton,,Greg Manusky,,2014 Indianapolis Colts season
30,Jacksonville Jaguars,2014,Gus Bradley,,Jedd Fisch,,Bob Babich,,2014 Jacksonville Jaguars season
12,Kansas City Chiefs,2014,Andy Reid,,Doug Pederson,,Bob Sutton,,2014 Kansas City Chiefs season
13,Las Vegas Raiders,2014,Dennis Allen / Tony Sparano,,,,,,2014 Oakland Raiders season
24,Los Angeles Chargers,2014,Mike McCoy,,,,,,2014 San Diego Chargers season
14,Los Angeles Rams,2014,Jeff Fisher,,,,,,2014 St. Louis Rams season
15,Miami Dolphins,2014,Joe Philbin,,,,,,2014 Miami Dolphins season
16,Minnesota Vikings,2014,Mike Zimmer,,,,,,2014 Minnesota Vikings season
17,New England Patriots,2014,Bill Belichick,,Josh McDaniels,,Matt Patricia,,2014 New England Patriots season
18,New Orleans Saints,2014,Sean Payton,,Pete Carmichael Jr.,,Rob Ryan,,2014 New Orleans Saints season
19,New York Giants,2014,Tom Coughlin,,,,,,2014 New York Giants season
20,New York Jets,2014,Rex Ryan,,,,,,2014 New York Jets season
21,Philadelphia Eagles,2014,Chip Kelly,,,,,,2014 Philadelphia Eagles season
23,Pittsburgh Steelers,2014,Mike Tomlin,,Todd Haley,,Dick LeBeau,,2014 Pittsburgh Steelers season
25,San Francisco 49ers,2014,Jim Harbaugh,,Greg Roman,,Vic Fangio,,2014 San Francisco 49ers season
26,Seattle Seahawks,2014,Pete Carroll,,Darrell Bevell,,Dan Quinn,,2014 Seattle Seahawks season
27,Tampa Bay Buccaneers,2014,Lovie Smith,,,,,,2014 Tampa Bay Buccaneers season
10,Tennessee Titans,2014,Ken Whisenhunt,,,,,,2014 Tennessee Titans season
28,Washington Commanders,2014,Jay Gruden,,Sean McVay,,Jim Haslett,,2014 Washington Redskins season
22,Arizona Cardinals,2015,Bruce Arians,,Harold Goodwin,,James Bettcher,,2015 Arizona Cardinals season
1,Atlanta Falcons,2015,Dan Quinn,,,,,,2015 Atlanta Falcons season
33,Baltimore Ravens,2015,John Harbaugh,,Marc Trestman,,Dean Pees,,2015 Baltimore Ravens season
2,Buffalo Bills,2015,Rex Ryan,,,,,,2015 Buffalo Bills season
29,Carolina Panthers,2015,Ron Rivera,,Mike Shula,,Sean McDermott,,2015 Carolina Panthers season
3,Chicago Bears,2015,John Fox,,,,,,2015 Chicago Bears season
4,Cincinnati Bengals,2015,Marvin Lewis,,Hue Jackson,,Paul Guenther,,2015 Cincinnati Bengals season
5,Cleveland Browns,2015,Mike Pettine,,,,,,2015 Cleveland Browns season
6,Dallas Cowboys,2015,Jason Garrett,,,,,,2015 Dallas Cowboys season
7,Denver Broncos,2015,Gary Kubiak,,Rick Dennison,,Wade Phillips,,2015 Denver Broncos season
8,Detroit Lions,2015,Jim Caldwell,,Joe Lombardi,,Teryl Austin,,2015 Detroit Lions season
9,Green Bay Packers,2015,Mike McCarthy,,Edgar Bennett,,Dom Capers,,2015 Green Bay Packers season
34,Houston Texans,2015,Bill O'Brien,,George Godsey,,Romeo Crennel,,2015 Houston Texans season
11,Indianapolis Colts,2015,Chuck Pagano,,,,,,2015 Indianapolis Colts season
30,Jacksonville Jaguars,2015,Gus Bradley,,Greg Olson,,Bob Babich,,2015 Jacksonville Jaguars season
12,Kansas City Chiefs,2015,Andy Reid,,Doug Pederson,,Bob Sutton,,2015 Kansas City Chiefs season
13,Las Vegas Raiders,2015,Jack Del Rio,,,,,,2015 Oakland Raiders season
24,Los Angeles Chargers,2015,Mike McCoy,,,,,,2015 San Diego Chargers season
14,Los Angeles Rams,2015,Jeff Fisher,,,,,,2015 St. Louis Rams season
15,Miami Dolphins,2015,Joe Philbin / Dan Campbell,,,,,,2015 Miami Dolphins season
16,Minnesota Vikings,2015,Mike Zimmer,,Norv Turner,,George Edwards,,2015 Minnesota Vikings season
17,New England Patriots,2015,Bill Belichick,,Josh McDaniels,,Matt Patricia,,2015 New England Patriots season
18,New Orleans Saints,2015,Sean Payton,,Pete Carmichael Jr.,,Rob Ryan / Dennis Allen,,2015 New Orleans Saints season
19,New York Giants,2015,Tom Coughlin,,,,,,2015 New York Giants season
20,New York Jets,2015,Todd Bowles,,,,,,2015 New York Jets season
21,Philadelphia Eagles,2015,Chip Kelly / Pat Shurmur,,,,,,2015 Philadelphia Eagles season
23,Pittsburgh Steelers,2015,Mike Tomlin,,Todd Haley,,Keith Butler,,2015 Pittsburgh Steelers season
25,San Francisco 49ers,2015,Jim Tomsula,,Geep Chryst,,Eric Mangini,,2015 San Francisco 49ers season
26,Seattle Seahawks,2015,Pete Carroll,,Darrell Bevell,,Kris Richard,,2015 Seattle Seahawks season
27,Tampa Bay Buccaneers,2015,Lovie Smith,,,,,,2015 Tampa Bay Buccaneers season
10,Tennessee Titans,2015,Ken Whisenhunt / Mike Mularkey,,,,,,2015 Tennessee Titans season
28,Washington Commanders,2015,Jay Gruden,,Sean McVay,,Joe Barry,,2015 Washington Redskins season
22,Arizona Cardinals,2016,Bruce Arians,,,,,,2016 Arizona Cardinals season
1,Atlanta Falcons,2016,Dan Quinn,,Kyle Shanahan,,Richard Smith,,2016 Atlanta Falcons season
33,Baltimore Ravens,2016,John Harbaugh,,Marc Trestman / Marty Mornhinweg,,Dean Pees,,2016 Baltimore Ravens season
2,Buffalo Bills,2016,Rex Ryan / Anthony Lynn,,,,,,2016 Buffalo Bills season
29,Carolina Panthers,2016,Ron Rivera,,,,,,2016 Carolina Panthers season
3,Chicago Bears,2016,John Fox,,,,,,2016 Chicago Bears season
4,Cincinnati Bengals,2016,Marvin Lewis,,,,,,2016 Cincinnati Bengals season
5,Cleveland Browns,2016,Hue Jackson,,,,,,2016 Cleveland Browns season
6,Dallas Cowboys,2016,Jason Garrett,,,,,,2016 Dallas Cowboys season
7,Denver Broncos,2016,Gary Kubiak / Joe DeCamillis,,,,,,2016 Denver Broncos season
8,Detroit Lions,2016,Jim Caldwell,,,,,,2016 Detroit Lions season
9,Green Bay Packers,2016,Mike McCarthy,,Edgar Bennett,,Dom Capers,,2016 Green Bay Packers season
34,Houston Texans,2016,Bill O'Brien,,George Godsey,,Romeo Crennel,,2016 Houston Texans season
11,Indianapolis Colts,2016,Chuck Pagano,,,,,,2016 Indianapolis Colts season
30,Jacksonville Jaguars,2016,Gus Bradley / Doug Marrone,,Greg Olson,,Todd Wash,,2016 Jacksonville Jaguars season
12,Kansas City Chiefs,2016,Andy Reid,,Brad Childress,,Bob Sutton,,2016 Kansas City Chiefs season
13,Las Vegas Raiders,2016,Jack Del Rio,,,,,,2016 Oakland Raiders season
24,Los Angeles Chargers,2016,Mike McCoy,,,,,,2016 San Diego Chargers season
14,Los Angeles Rams,2016,Jeff Fisher / John Fassel,,,,,,2016 Los Angeles Rams season
15,Miami Dolphins,2016,Adam Gase,,,,,,2016 Miami Dolphins season
16,Minnesota Vikings,2016,Mike Zimmer / Mike Priefer,,,,,,2016 Minnesota Vikings season
17,New England Patriots,2016,Bill Belichick,,Josh McDaniels,,Matt Patricia,,2016 New England Patriots season
18,New Orleans Saints,2016,Sean Payton,,Pete Carmichael Jr.,,Dennis Allen,,2016 New Orleans Saints season
19,New York Giants,2016,Ben McAdoo,,,,,,2016 New York Giants season
20,New York Jets,2016,Todd Bowles,,,,,,2016 New York Jets season
21,Philadelphia Eagles,2016,Doug Pederson,,,,,,2016 Philadelphia Eagles season
23,Pittsburgh Steelers,2016,Mike Tomlin,,Todd Haley,,Keith Butler,,2016 Pittsburgh Steelers season
25,San Francisco 49ers,2016,Chip Kelly,,Curtis Modkins,,Jim O'Neil,,2016 San Francisco 49ers season
26,Seattle Seahawks,2016,Pete Carroll,,,,,,2016 Seattle Seahawks season
27,Tampa Bay Buccaneers,2016,Dirk Koetter,,,,,,2016 Tampa Bay Buccaneers season
10,Tennessee Titans,2016,Mike Mularkey,,,,,,2016 Tennessee Titans season
28,Washington Commanders,2016,Jay Gruden,,Sean McVay,,Joe Barry,,2016 Washington Redskins season
22,Arizona Cardinals,2017,Bruce Arians,,,,,,2017 Arizona Cardinals season
1,Atlanta Falcons,2017,Dan Quinn,,Steve Sarkisian,,Marquand Manuel,,2017 Atlanta Falcons season
33,Baltimore Ravens,2017,John Harbaugh,,Marty Mornhinweg,,Dean Pees,,2017 Baltimore Ravens season
2,Buffalo Bills,2017,Sean McDermott,,Rick Dennison,,Leslie Frazier,,2017 Buffalo Bills season
29,Carolina Panthers,2017,Ron Rivera,,Mike Shula,,Steve Wilks,,2017 Carolina Panthers season
3,Chicago Bears,2017,John Fox,,,,,,2017 Chicago Bears season
4,Cincinnati Bengals,2017,Marvin Lewis,,,,,,2017 Cincinnati Bengals season
5,Cleveland Browns,2017,Hue Jackson,,,,,,2017 Cleveland Browns season
6,Dallas Cowboys,2017,Jason Garrett,,,,,,2017 Dallas Cowboys season
7,Denver Broncos,2017,Vance Joseph,,,,,,2017 Denver Broncos season
8,Detroit Lions,2017,Jim Caldwell,,,,,,2017 Detroit Lions season
9,Green Bay Packers,2017,Mike McCarthy,,,,,,2017 Green Bay Packers season
34,Houston Texans,2017,Bill O'Brien,,,,Mike Vrabel,,2017 Houston Texans season
11,Indianapolis Colts,2017,Chuck Pagano,,,,,,2017 Indianapolis Colts season
30,Jacksonville Jaguars,2017,Doug Marrone,,Nathaniel Hackett,,Todd Wash,,2017 Jacksonville Jaguars season
12,Kansas City Chiefs,2017,Andy Reid,,Matt Nagy,,Bob Sutton,,2017 Kansas City Chiefs season
13,Las Vegas Raiders,2017,Jack Del Rio,,,,,,2017 Oakland Raiders season
24,Los Angeles Chargers,2017,Anthony Lynn,,,,,,2017 Los Angeles Chargers season
14,Los Angeles Rams,2017,Sean McVay,,Matt LaFleur,,Wade Phillips,,2017 Los Angeles Rams season
15,Miami Dolphins,2017,Adam Gase,,,,,,2017 Miami Dolphins season
16,Minnesota Vikings,2017,Mike Zimmer,,Pat Shurmur,,George Edwards,,2017 Minnesota Vikings season
17,New England Patriots,2017,Bill Belichick,,Josh McDaniels,,Matt Patricia,,2017 New England Patriots season
18,New Orleans Saints,2017,Sean Payton,,Pete Carmichael Jr.,,Dennis Allen,,2017 New Orleans Saints season
19,New York Giants,2017,Ben McAdoo / Steve Spagnuolo,,,,,,2017 New York Giants season
20,New York Jets,2017,Todd Bowles,,,,,,2017 New York Jets season
21,Philadelphia Eagles,2017,Doug Pederson,,Frank Reich,,Jim Schwartz,,2017 Philadelphia Eagles season
23,Pittsburgh Steelers,2017,Mike Tomlin,,Todd Haley,,Keith Butler,,2017 Pittsburgh Steelers season
25,San Francisco 49ers,2017,Kyle Shanahan,,Kyle Shanahan,,Robert Saleh,,2017 San Francisco 49ers season
26,Seattle Seahawks,2017,Pete Carroll,,,,,,2017 Seattle Seahawks season
27,Tampa Bay Buccaneers,2017,Dirk Koetter,,,,,,2017 Tampa Bay Buccaneers season
10,Tennessee Titans,2017,Mike Mularkey,,Terry Robiskie,,Dick LeBeau,,2017 Tennessee Titans season
28,Washington Commanders,2017,Jay Gruden,,Matt Cavanaugh,,Greg Manusky,,2017 Washington Redskins season
22,Arizona Cardinals,2018,Steve Wilks,,,,,,2018 Arizona Cardinals season
1,Atlanta Falcons,2018,Dan Quinn,,,,,,2018 Atlanta Falcons season
33,Baltimore Ravens,2018,John Harbaugh,,Marty Mornhinweg,,Don Martindale,,2018 Baltimore Ravens season
2,Buffalo Bills,2018,Sean McDermott,,,,,,2018 Buffalo Bills season
29,Carolina Panthers,2018,Ron Rivera,,,,,,2018 Carolina Panthers season
3,Chicago Bears,2018,Matt Nagy,,Mark Helfrich,,Vic Fangio,,2018 Chicago Bears season
4,Cincinnati Bengals,2018,Marvin Lewis,,,,,,2018 Cincinnati Bengals season
5,Cleveland Browns,2018,Hue Jackson / Gregg Williams,,,,,,2018 Cleveland Browns season
6,Dallas Cowboys,2018,Jason Garrett,,Scott Linehan,,Rod Marinelli,,2018 Dallas Cowboys season
7,Denver Broncos,2018,Vance Joseph,,,,,,2018 Denver Broncos season
8,Detroit Lions,2018,Matt Patricia,,,,,,2018 Detroit Lions season
9,Green Bay Packers,2018,Mike McCarthy / Joe Philbin,,,,,,2018 Green Bay Packers season
34,Houston Texans,2018,Bill O'Brien,,,,Romeo Crennel,,2018 Houston Texans season
11,Indianapolis Colts,2018,Frank Reich,,Nick Sirianni,,Matt Eberflus,,2018 Indianapolis Colts season
30,Jacksonville Jaguars,2018,Doug Marrone,,Nathaniel Hackett,,Todd Wash,,2018 Jacksonville Jaguars season
12,Kansas City Chiefs,2018,Andy Reid,,Eric Bieniemy,,Bob Sutton,,2018 Kansas City Chiefs season
13,Las Vegas Raiders,2018,Jon Gruden,,,,,,2018 Oakland Raiders season
24,Los Angeles Chargers,2018,Anthony Lynn,,Ken Whisenhunt,,Gus Bradley,,2018 Los Angeles Chargers season
14,Los Angeles Rams,2018,Sean McVay,,Sean McVay,,Wade Phillips,,2018 Los Angeles Rams season
15,Miami Dolphins,2018,Adam Gase,,,,,,2018 Miami Dolphins season
16,Minnesota Vikings,2018,Mike Zimmer,,,,,,2018 Minnesota Vikings season
17,New England Patriots,2018,Bill Belichick,,Josh McDaniels,,,,2018 New England Patriots season
18,New Orleans Saints,2018,Sean Payton,,Pete Carmichael Jr.,,Dennis Allen,,2018 New Orleans Saints season
19,New York Giants,2018,Pat Shurmur,,,,,,2018 New York Giants season
20,New York Jets,2018,Todd Bowles,,,,,,2018 New York Jets season
21,Philadelphia Eagles,2018,Doug Pederson,,Mike Groh,,Jim Schwartz,,2018 Philadelphia Eagles season
23,Pittsburgh Steelers,2018,Mike Tomlin,,Randy Fichtner,,Keith Butler,,2018 Pittsburgh Steelers season
25,San Francisco 49ers,2018,Kyle Shanahan,,Kyle Shanahan,,Robert Saleh,,2018 San Francisco 49ers season
26,Seattle Seahawks,2018,Pete Carroll,,Brian Schottenheimer,,Ken Norton Jr.,,2018 Seattle Seahawks season
27,Tampa Bay Buccaneers,2018,Dirk Koetter,,,,,,2018 Tampa Bay Buccaneers season
10,Tennessee Titans,2018,Mike Vrabel,,,,,,2018 Tennessee Titans season
28,Washington Commanders,2018,Jay Gruden,,Matt Cavanaugh,,Greg Manusky,,2018 Washington Redskins season
22,Arizona Cardinals,2019,Kliff Kingsbury,,,,,,2019 Arizona Cardinals season
1,Atlanta Falcons,2019,Dan Quinn,,,,,,2019 Atlanta Falcons season
33,Baltimore Ravens,2019,John Harbaugh,,Greg Roman,,Don Martindale,,2019 Baltimore Ravens season
2,Buffalo Bills,2019,Sean McDermott,,Brian Daboll,,Leslie Frazier,,2019 Buffalo Bills season
29,Carolina Panthers,2019,Ron Rivera / Perry Fewell,,,,,,2019 Carolina Panthers season
3,Chicago Bears,2019,Matt Nagy,,,,,,2019 Chicago Bears season
4,Cincinnati Bengals,2019,Zac Taylor,,,,,,2019 Cincinnati Bengals season
5,Cleveland Browns,2019,Freddie Kitchens,,,,,,2019 Cleveland Browns season
6,Dallas Cowboys,2019,Jason Garrett,,,,,,2019 Dallas Cowboys season
7,Denver Broncos,2019,Vic Fangio,,,,,,2019 Denver Broncos season
8,Detroit Lions,2019,Matt Patricia,,,,,,2019 Detroit Lions season
9,Green Bay Packers,2019,Matt LaFleur,,Nathaniel Hackett,,Mike Pettine,,2019 Green Bay Packers season
34,Houston Texans,2019,Bill O'Brien,,Tim Kelly,,Romeo Crennel,,2019 Houston Texans season
11,Indianapolis Colts,2019,Frank Reich,,,,,,2019 Indianapolis Colts season
30,Jacksonville Jaguars,2019,Doug Marrone,,John DeFilippo,,Todd Wash,,2019 Jacksonville Jaguars season
12,Kansas City Chiefs,2019,Andy Reid,,Eric Bieniemy,,Steve Spagnuolo,,2019 Kansas City Chiefs season
13,Las Vegas Raiders,2019,Jon Gruden,,,,,,2019 Oakland Raiders season
24,Los Angeles Chargers,2019,Anthony Lynn,,,,,,2019 Los Angeles Chargers season
14,Los Angeles Rams,2019,Sean McVay,,Sean McVay,,Wade Phillips,,2019 Los Angeles Rams season
15,Miami Dolphins,2019,Brian Flores,,,,,,2019 Miami Dolphins season
16,Minnesota Vikings,2019,Mike Zimmer,,Kevin Stefanski,,George Edwards,,2019 Minnesota Vikings season
17,New England Patriots,2019,Bill Belichick,,Josh McDaniels,,,,2019 New England Patriots season
18,New Orleans Saints,2019,Sean Payton,,Pete Carmichael Jr.,,Dennis Allen,,2019 New Orleans Saints season
19,New York Giants,2019,Pat Shurmur,,,,,,2019 New York Giants season
20,New York Jets,2019,Adam Gase,,,,,,2019 New York Jets season
21,Philadelphia Eagles,2019,Doug Pederson,,Mike Groh,,Jim Schwartz,,2019 Philadelphia Eagles season
23,Pittsburgh Steelers,2019,Mike Tomlin,,Randy Fichtner,,Keith Butler,,2019 Pittsburgh Steelers season
25,San Francisco 49ers,2019,Kyle Shanahan,,Kyle Shanahan,,Robert Saleh,,2019 San Francisco 49ers season
26,Seattle Seahawks,2019,Pete Carroll,,Brian Schottenheimer,,Ken Norton Jr.,,2019 Seattle Seahawks season
27,Tampa Bay Buccaneers,2019,Bruce Arians,,,,,,2019 Tampa Bay Buccaneers season
10,Tennessee Titans,2019,Mike Vrabel,,Arthur Smith,,Dean Pees,,2019 Tennessee Titans season
28,Washington Commanders,2019,Jay Gruden / Bill Callahan,,Kevin O'Connell,,Greg Manusky,,2019 Washington Redskins season
22,Arizona Cardinals,2020,Kliff Kingsbury,,,,,,2020 Arizona Cardinals season
1,Atlanta Falcons,2020,Dan Quinn / Raheem Morris,,,,,,2020 Atlanta Falcons season
33,Baltimore Ravens,2020,John Harbaugh,,Greg Roman,,Don Martindale,,2020 Baltimore Ravens season
2,Buffalo Bills,2020,Sean McDermott,,Brian Daboll,,Leslie Frazier,,2020 Buffalo Bills season
29,Carolina Panthers,2020,Matt Rhule,,,,,,2020 Carolina Panthers season
3,Chicago Bears,2020,Matt Nagy,,Bill Lazor,,Chuck Pagano,,2020 Chicago Bears season
4,Cincinnati Bengals,2020,Zac Taylor,,,,,,2020 Cincinnati Bengals season
5,Cleveland Browns,2020,Kevin Stefanski,,Alex Van Pelt,,Joe Woods,,2020 Cleveland Browns season
6,Dallas Cowboys,2020,Mike McCarthy,,Kellen Moore,,Mike Nolan,,2020 Dallas Cowboys season
7,Denver Broncos,2020,Vic Fangio,,,,,,2020 Denver Broncos season
8,Detroit Lions,2020,Matt Patricia / Darrell Bevell / Robert Prince,,,,,,2020 Detroit Lions season
9,Green Bay Packers,2020,Matt LaFleur,,Nathaniel Hackett,,Mike Pettine,,2020 Green Bay Packers season
34,Houston Texans,2020,Bill O'Brien / Romeo Crennel,,Tim Kelly,,Anthony Weaver,,2020 Houston Texans season
11,Indianapolis Colts,2020,Frank Reich,,Nick Sirianni,,Matt Eberflus,,2020 Indianapolis Colts season
30,Jacksonville Jaguars,2020,Doug Marrone,,Jay Gruden,,Todd Wash,,2020 Jacksonville Jaguars season
12,Kansas City Chiefs,2020,Andy Reid,,Eric Bieniemy,,Steve Spagnuolo,,2020 Kansas City Chiefs season
13,Las Vegas Raiders,2020,Jon Gruden,,,,,,2020 Las Vegas Raiders season
24,Los Angeles Chargers,2020,Anthony Lynn,,,,,,2020 Los Angeles Chargers season
14,Los Angeles Rams,2020,Sean McVay,,Kevin O'Connell,,Brandon Staley,,2020 Los Angeles Rams season
15,Miami Dolphins,2020,Brian Flores,,,,,,2020 Miami Dolphins season
16,Minnesota Vikings,2020,Mike Zimmer,,,,,,2020 Minnesota Vikings season
17,New England Patriots,2020,Bill Belichick,,,,,,2020 New England Patriots season
18,New Orleans Saints,2020,Sean Payton,,Pete Carmichael Jr.,,Dennis Allen,,2020 New Orleans Saints season
19,New York Giants,2020,Joe Judge,,,,,,2020 New York Giants season
20,New York Jets,2020,Adam Gase,,,,,,2020 New York Jets season
21,Philadelphia Eagles,2020,Doug Pederson,,,,,,2020 Philadelphia Eagles season
23,Pittsburgh Steelers,2020,Mike Tomlin,,Randy Fichtner,,Keith Butler,,2020 Pittsburgh Steelers season
25,San Francisco 49ers,2020,Kyle Shanahan,,Kyle Shanahan,,Robert Saleh,,2020 San Francisco 49ers season
26,Seattle Seahawks,2020,Pete Carroll,,Brian Schottenheimer,,Ken Norton Jr.,,2020 Seattle Seahawks season
27,Tampa Bay Buccaneers,2020,Bruce Arians,,Byron Leftwich,,Todd Bowles,,2020 Tampa Bay Buccaneers season
10,Tennessee Titans,2020,Mike Vrabel,,Arthur Smith,,,,2020 Tennessee Titans season
28,Washington Commanders,2020,Ron Rivera,,Scott Turner,,Jack Del Rio,,2020 Washington Football Team season
22,Arizona Cardinals,2021,Kliff Kingsbury,,,,Vance Joseph,,2021 Arizona Cardinals season
1,Atlanta Falcons,2021,Arthur Smith,,,,,,2021 Atlanta Falcons season
33,Baltimore Ravens,2021,John Harbaugh,,Greg Roman,,Don Martindale,,2021 Baltimore Ravens season
2,Buffalo Bills,2021,Sean McDermott,,Brian Daboll,,Leslie Frazier,,2021 Buffalo Bills season
29,Carolina Panthers,2021,Matt Rhule,,,,,,2021 Carolina Panthers season
3,Chicago Bears,2021,Matt Nagy / Chris Tabor,,,,,,2021 Chicago Bears season
4,Cincinnati Bengals,2021,Zac Taylor,,Brian Callahan,,Lou Anarumo,,2021 Cincinnati Bengals season
5,Cleveland Browns,2021,Kevin Stefanski,,,,,,2021 Cleveland Browns season
6,Dallas Cowboys,2021,Mike McCarthy,,Kellen Moore,,Dan Quinn,,2021 Dallas Cowboys season
7,Denver Broncos,2021,Vic Fangio,,,,,,2021 Denver Broncos season
8,Detroit Lions,2021,Dan Campbell,,Anthony Lynn,,Aaron Glenn}},,2021 Detroit Lions season
9,Green Bay Packers,2021,Matt LaFleur,,Nathaniel Hackett,,Joe Barry,,2021 Green Bay Packers season
34,Houston Texans,2021,David Culley,,Tim Kelly,,Lovie Smith,,2021 Houston Texans season
11,Indianapolis Colts,2021,Frank Reich,,,,,,2021 Indianapolis Colts season
30,Jacksonville Jaguars,2021,Urban Meyer / Darrell Bevell,,Brian Schottenheimer,,Joe Cullen,,2021 Jacksonville Jaguars season
12,Kansas City Chiefs,2021,Andy Reid,,Eric Bieniemy,,Steve Spagnuolo,,2021 Kansas City Chiefs season
13,Las Vegas Raiders,2021,Jon Gruden / Rich Bisaccia,,Greg Olson,,Gus Bradley,,2021 Las Vegas Raiders season
24,Los Angeles Chargers,2021,Brandon Staley,,,,,,2021 Los Angeles Chargers season
14,Los Angeles Rams,2021,Sean McVay,,Kevin O'Connell,,Raheem Morris,,2021 Los Angeles Rams season
15,Miami Dolphins,2021,Brian Flores,,,,,,2021 Miami Dolphins season
16,Minnesota Vikings,2021,Mike Zimmer,,,,,,2021 Minnesota Vikings season
17,New England Patriots,2021,Bill Belichick,,Josh McDaniels,,,,2021 New England Patriots season
18,New Orleans Saints,2021,Sean Payton,,Pete Carmichael Jr.,,Dennis Allen,,2021 New Orleans Saints season
19,New York Giants,2021,Joe Judge,,,,,,2021 New York Giants season
20,New York Jets,2021,Robert Saleh,,,,,,2021 New York Jets season
21,Philadelphia Eagles,2021,Nick Sirianni,,Shane Steichen,,Jonathan Gannon,,2021 Philadelphia Eagles season
23,Pittsburgh Steelers,2021,Mike Tomlin,,Matt Canada,,Keith Butler,,2021 Pittsburgh Steelers season
25,San Francisco 49ers,2021,Kyle Shanahan,,Mike McDaniel,,DeMeco Ryans,,2021 San Francisco 49ers season
26,Seattle Seahawks,2021,Pete Carroll,,,,,,2021 Seattle Seahawks season
27,Tampa Bay Buccaneers,2021,Bruce Arians,,,,,,2021 Tampa Bay Buccaneers season
10,Tennessee Titans,2021,Mike Vrabel,,Todd Downing,,Shane Bowen,,2021 Tennessee Titans season
28,Washington Commanders,2021,Ron Rivera,,Scott Turner,,Jack Del Rio,,2021 Washington Football Team season
22,Arizona Cardinals,2022,Kliff Kingsbury,,,,,,2022 Arizona Cardinals season
1,Atlanta Falcons,2022,Arthur Smith,,,,,,2022 Atlanta Falcons season
33,Baltimore Ravens,2022,John Harbaugh,,Greg Roman,,Mike Macdonald,,2022 Baltimore Ravens season
2,Buffalo Bills,2022,Sean McDermott,,Ken Dorsey,,Leslie Frazier,,2022 Buffalo Bills season
29,Carolina Panthers,2022,Matt Rhule / Steve Wilks,,,,,,2022 Carolina Panthers season
3,Chicago Bears,2022,Matt Eberflus,,,,,,2022 Chicago Bears season
4,Cincinnati Bengals,2022,Zac Taylor,,Brian Callahan,,Lou Anarumo,,2022 Cincinnati Bengals season
5,Cleveland Browns,2022,Kevin Stefanski,,,,,,2022 Cleveland Browns season
6,Dallas Cowboys,2022,Mike McCarthy,,Kellen Moore,,Dan Quinn,,2022 Dallas Cowboys season
7,Denver Broncos,2022,Nathaniel Hackett / Jerry Rosburg,,,,,,2022 Denver Broncos season
8,Detroit Lions,2022,Dan Campbell,,,,,,2022 Detroit Lions season
9,Green Bay Packers,2022,Matt LaFleur,,,,,,2022 Green Bay Packers season
34,Houston Texans,2022,Lovie Smith,,,,,,2022 Houston Texans season
11,Indianapolis Colts,2022,Frank Reich / Jeff Saturday,,,,,,2022 Indianapolis Colts season
30,Jacksonville Jaguars,2022,Doug Pederson,,Press Taylor,,Mike Caldwell,,2022 Jacksonville Jaguars season
12,Kansas City Chiefs,2022,Andy Reid,,Eric Bieniemy,,Steve Spagnuolo,,2022 Kansas City Chiefs season
13,Las Vegas Raiders,2022,Josh McDaniels,,,,,,2022 Las Vegas Raiders season
24,Los Angeles Chargers,2022,Brandon Staley,,Joe Lombardi,,Renaldo Hill,,2022 Los Angeles Chargers season
14,Los Angeles Rams,2022,Sean McVay,,Liam Coen,,Raheem Morris,,2022 Los Angeles Rams season
15,Miami Dolphins,2022,Mike McDaniel,,Frank Smith,,Vic Fangio,,2022 Miami Dolphins season
16,Minnesota Vikings,2022,Kevin O'Connell,,Wes Phillips,,Ed Donatell,,2022 Minnesota Vikings season
17,New England Patriots,2022,Bill Belichick,,,,,,2022 New England Patriots season
18,New Orleans Saints,2022,Dennis Allen,,Pete Carmichael Jr.,,Ryan Nielsen / Kris Richard,,2022 New Orleans Saints season
19,New York Giants,2022,Brian Daboll,,Mike Kafka,,Don Martindale,,2022 New York Giants season
20,New York Jets,2022,Robert Saleh,,,,,,2022 New York Jets season
21,Philadelphia Eagles,2022,Nick Sirianni,,Shane Steichen,,Jonathan Gannon,,2022 Philadelphia Eagles season
23,Pittsburgh Steelers,2022,Mike Tomlin,,Matt Canada,,Teryl Austin,,2022 Pittsburgh Steelers season
25,San Francisco 49ers,2022,Kyle Shanahan,,Kyle Shanahan,,DeMeco Ryans,,2022 San Francisco 49ers season
26,Seattle Seahawks,2022,Pete Carroll,,Shane Waldron,,Clint Hurtt,,2022 Seattle Seahawks season
27,Tampa Bay Buccaneers,2022,Todd Bowles,,Byron Leftwich,,,,2022 Tampa Bay Buccaneers season
10,Tennessee Titans,2022,Mike Vrabel,,,,,,2022 Tennessee Titans season
28,Washington Commanders,2022,Ron Rivera,,Scott Turner,,Jack Del Rio,,2022 Washington Commanders season
22,Arizona Cardinals,2023,Jonathan Gannon,,,,,,2023 Arizona Cardinals season
1,Atlanta Falcons,2023,Arthur Smith,,,,,,2023 Atlanta Falcons season
33,Baltimore Ravens,2023,John Harbaugh,,Todd Monken,,Mike Macdonald,,2023 Baltimore Ravens season
2,Buffalo Bills,2023,Sean McDermott,,Ken Dorsey / Joe Brady,,,,2023 Buffalo Bills season
29,Carolina Panthers,2023,Frank Reich / Chris Tabor,,,,,,2023 Carolina Panthers season
3,Chicago Bears,2023,Matt Eberflus,,,,,,2023 Chicago Bears season
4,Cincinnati Bengals,2023,Zac Taylor,,,,,,2023 Cincinnati Bengals season
5,Cleveland Browns,2023,Kevin Stefanski,,Alex Van Pelt,,Jim Schwartz,,2023 Cleveland Browns season
6,Dallas Cowboys,2023,Mike McCarthy,,Brian Schottenheimer,,Dan Quinn,,2023 Dallas Cowboys season
7,Denver Broncos,2023,Sean Payton,,Joe Lombardi,,Vance Joseph,,2023 Denver Broncos season
8,Detroit Lions,2023,Dan Campbell,,Ben Johnson,,Aaron Glenn,,2023 Detroit Lions season
9,Green Bay Packers,2023,Matt LaFleur,,Adam Stenavich,,Joe Barry,,2023 Green Bay Packers season
34,Houston Texans,2023,DeMeco Ryans,,Bobby Slowik,,Matt Burke,,2023 Houston Texans season
11,Indianapolis Colts,2023,Shane Steichen,,,,,,2023 Indianapolis Colts season
30,Jacksonville Jaguars,2023,Doug Pederson,,Press Taylor,,Mike Caldwell,,2023 Jacksonville Jaguars season
12,Kansas City Chiefs,2023,Andy Reid,,Matt Nagy,,Steve Spagnuolo,,2023 Kansas City Chiefs season
13,Las Vegas Raiders,2023,Josh McDaniels / Antonio Pierce,,,,,,2023 Las Vegas Raiders season
24,Los Angeles Chargers,2023,Brandon Staley / Giff Smith,,,,,,2023 Los Angeles Chargers season
14,Los Angeles Rams,2023,Sean McVay,,Mike LaFleur,,Raheem Morris,,2023 Los Angeles Rams season
15,Miami Dolphins,2023,Mike McDaniel,,,,,,2023 Miami Dolphins season
16,Minnesota Vikings,2023,Kevin O'Connell,,,,,,2023 Minnesota Vikings season
17,New England Patriots,2023,Bill Belichick,,,,,,2023 New England Patriots season
18,New Orleans Saints,2023,Dennis Allen,,,,,,2023 New Orleans Saints season
19,New York Giants,2023,Brian Daboll,,,,,,2023 New York Giants season
20,New York Jets,2023,Robert Saleh,,,,,,2023 New York Jets season
21,Philadelphia Eagles,2023,Nick Sirianni,,Brian Johnson,,Sean Desai,,2023 Philadelphia Eagles season
23,Pittsburgh Steelers,2023,Mike Tomlin,,Matt Canada,,Teryl Austin,,2023 Pittsburgh Steelers season
25,San Francisco 49ers,2023,Kyle Shanahan,,Kyle Shanahan,,Steve Wilks,,2023 San Francisco 49ers season
26,Seattle Seahawks,2023,Pete Carroll,,,,,,2023 Seattle Seahawks season
27,Tampa Bay Buccaneers,2023,Todd Bowles,,Dave Canales,,,,2023 Tampa Bay Buccaneers season
10,Tennessee Titans,2023,Mike Vrabel,,,,,,2023 Tennessee Titans season
28,Washington Commanders,2023,Ron Rivera,,Eric Bieniemy,,,,2023 Washington Commanders season
22,Arizona Cardinals,2024,Jonathan Gannon,,,,,,2024 Arizona Cardinals season
1,Atlanta Falcons,2024,Raheem Morris,,,,,,2024 Atlanta Falcons season
33,Baltimore Ravens,2024,John Harbaugh,,Todd Monken,,Zach Orr,,2024 Baltimore Ravens season
2,Buffalo Bills,2024,Sean McDermott,,Joe Brady,,Bobby Babich,,2024 Buffalo Bills season
29,Carolina Panthers,2024,Dave Canales,,,,,,2024 Carolina Panthers season
3,Chicago Bears,2024,Matt Eberflus / Thomas Brown,,,,,,2024 Chicago Bears season
4,Cincinnati Bengals,2024,Zac Taylor,,,,,,2024 Cincinnati Bengals season
5,Cleveland Browns,2024,Kevin Stefanski,,,,,,2024 Cleveland Browns season
6,Dallas Cowboys,2024,Mike McCarthy,,,,,,2024 Dallas Cowboys season
7,Denver Broncos,2024,Sean Payton,,Joe Lombardi,,Vance Joseph,,2024 Denver Broncos season
8,Detroit Lions,2024,Dan Campbell,,,,,,2024 Detroit Lions season
9,Green Bay Packers,2024,Matt LaFleur,,Adam Stenavich,,Jeff Hafley,,2024 Green Bay Packers season
34,Houston Texans,2024,DeMeco Ryans,,Bobby Slowik,,Matt Burke,,2024 Houston Texans season
11,Indianapolis Colts,2024,Shane Steichen,,,,,,2024 Indianapolis Colts season
30,Jacksonville Jaguars,2024,Doug Pederson,,Press Taylor,,Ryan Nielsen,,2024 Jacksonville Jaguars season
12,Kansas City Chiefs,2024,Andy Reid,,Matt Nagy,,Steve Spagnuolo,,2024 Kansas City Chiefs season
13,Las Vegas Raiders,2024,Antonio Pierce,,,,,,2024 Las Vegas Raiders season
24,Los Angeles Chargers,2024,Jim Harbaugh,,Greg Roman,,Jesse Minter,,2024 Los Angeles Chargers season
14,Los Angeles Rams,2024,Sean McVay,,Mike LaFleur,,Chris Shula,,2024 Los Angeles Rams season
15,Miami Dolphins,2024,Mike McDaniel,,,,,,2024 Miami Dolphins season
16,Minnesota Vikings,2024,Kevin O'Connell,,Wes Phillips,,Brian Flores,,2024 Minnesota Vikings season
17,New England Patriots,2024,Jerod Mayo,,,,,,2024 New England Patriots season
18,New Orleans Saints,2024,Dennis Allen / Darren Rizzi,,Klint Kubiak,,Joe Woods,,2024 New Orleans Saints season
19,New York Giants,2024,Brian Daboll,,,,,,2024 New York Giants season
20,New York Jets,2024,Robert Saleh / Jeff Ulbrich,,,,,,2024 New York Jets season
21,Philadelphia Eagles,2024,Nick Sirianni,,Kellen Moore,,Vic Fangio,,2024 Philadelphia Eagles season
23,Pittsburgh Steelers,2024,Mike Tomlin,,Arthur Smith,,Teryl Austin,,2024 Pittsburgh Steelers season
25,San Francisco 49ers,2024,Kyle Shanahan,,Kyle Shanahan,,Nick Sorensen,,2024 San Francisco 49ers season
26,Seattle Seahawks,2024,Mike Macdonald,,,,,,2024 Seattle Seahawks season
27,Tampa Bay Buccaneers,2024,Todd Bowles,,Liam Coen,,,,2024 Tampa Bay Buccaneers season
10,Tennessee Titans,2024,Brian Callahan,,,,,,2024 Tennessee Titans season
28,Washington Commanders,2024,Dan Quinn,,Kliff Kingsbury,,Joe Whitt Jr.,,2024 Washington Commanders season
22,Arizona Cardinals,2025,Jonathan Gannon,,,,,,2025 Arizona Cardinals season
1,Atlanta Falcons,2025,Raheem Morris,,,,,,2025 Atlanta Falcons season
33,Baltimore Ravens,2025,John Harbaugh,,Todd Monken,,Zach Orr,,2025 Baltimore Ravens season
2,Buffalo Bills,2025,Sean McDermott,,,,,,2025 Buffalo Bills season
29,Carolina Panthers,2025,Dave Canales,,Brad Idzik,,Ejiro Evero,,2025 Carolina Panthers season
3,Chicago Bears,2025,Ben Johnson,,,,,,2025 Chicago Bears season
4,Cincinnati Bengals,2025,Zac Taylor,,,,,,2025 Cincinnati Bengals season
5,Cleveland Browns,2025,Kevin Stefanski,,,,,,2025 Cleveland Browns season
6,Dallas Cowboys,2025,Brian Schottenheimer,,,,,,2025 Dallas Cowboys season
7,Denver Broncos,2025,Sean Payton,,Joe Lombardi,,Vance Joseph,,2025 Denver Broncos season
8,Detroit Lions,2025,Dan Campbell,,,,,,2025 Detroit Lions season
9,Green Bay Packers,2025,Matt LaFleur,,,,,,2025 Green Bay Packers season
34,Houston Texans,2025,DeMeco Ryans,,Nick Caley,,Matt Burke,,2025 Houston Texans season
11,Indianapolis Colts,2025,Shane Steichen,,,,,,2025 Indianapolis Colts season
30,Jacksonville Jaguars,2025,Liam Coen,,Grant Udinski,,Anthony Campanile,,2025 Jacksonville Jaguars season
12,Kansas City Chiefs,2025,Andy Reid,,,,,,2025 Kansas City Chiefs season
13,Las Vegas Raiders,2025,Pete Carroll,,,,,,2025 Las Vegas Raiders season
24,Los Angeles Chargers,2025,Jim Harbaugh,,,,,,2025 Los Angeles Chargers season
14,Los Angeles Rams,2025,Sean McVay,,Mike LaFleur,,Chris Shula,,2025 Los Angeles Rams season
15,Miami Dolphins,2025,Mike McDaniel,,,,,,2025 Miami Dolphins season
16,Minnesota Vikings,2025,Kevin O'Connell,,,,,,2025 Minnesota Vikings season
17,New England Patriots,2025,Mike Vrabel,,Josh McDaniels,,Terrell Williams,,2025 New England Patriots season
18,New Orleans Saints,2025,Kellen Moore,,Doug Nussmeier,,Brandon Staley,,2025 New Orleans Saints season
19,New York Giants,2025,Brian Daboll / Mike Kafka,,,,,,2025 New York Giants season
20,New York Jets,2025,Aaron Glenn,,,,,,2025 New York Jets season
21,Philadelphia Eagles,2025,Nick Sirianni,,Kevin Patullo,,Vic Fangio,,2025 Philadelphia Eagles season
23,Pittsburgh Steelers,2025,Mike Tomlin,,Arthur Smith,,Teryl Austin,,2025 Pittsburgh Steelers season
25,San Francisco 49ers,2025,Kyle Shanahan,,Klay Kubiak,,Robert Saleh,,2025 San Francisco 49ers season
26,Seattle Seahawks,2025,Mike Macdonald,,Klint Kubiak,,Aden Durde,,2025 Seattle Seahawks season
27,Tampa Bay Buccaneers,2025,Todd Bowles,,,,,,2025 Tampa Bay Buccaneers season
10,Tennessee Titans,2025,Brian Callahan / Mike McCoy,,,,,,2025 Tennessee Titans season
28,Washington Commanders,2025,Dan Quinn,,Kliff Kingsbury,,Joe Whitt Jr.,,2025 Washington Commanders season
22,Arizona Cardinals,2026,Mike LaFleur,,Nathaniel Hackett,,Nick Rallis,,2026 Arizona Cardinals season
1,Atlanta Falcons,2026,Kevin Stefanski,,,,,,2026 Atlanta Falcons season
33,Baltimore Ravens,2026,Jesse Minter,,Declan Doyle,,Anthony Weaver,,2026 Baltimore Ravens season
2,Buffalo Bills,2026,Joe Brady,,,,,,2026 Buffalo Bills season
29,Carolina Panthers,2026,Dave Canales,,,,,,2026 Carolina Panthers season
3,Chicago Bears,2026,Ben Johnson,,,,,,2026 Chicago Bears season
4,Cincinnati Bengals,2026,Zac Taylor,,,,,,2026 Cincinnati Bengals season
5,Cleveland Browns,2026,Todd Monken,,,,,,2026 Cleveland Browns season
6,Dallas Cowboys,2026,Brian Schottenheimer,,,,,,2026 Dallas Cowboys season
7,Denver Broncos,2026,Sean Payton,,Davis Webb,,Vance Joseph,,2026 Denver Broncos season
8,Detroit Lions,2026,Dan Campbell,,,,,,2026 Detroit Lions season
9,Green Bay Packers,2026,Matt LaFleur,,,,,,2026 Green Bay Packers season
34,Houston Texans,2026,DeMeco Ryans,,,,,,2026 Houston Texans season
11,Indianapolis Colts,2026,Shane Steichen,,,,,,2026 Indianapolis Colts season
30,Jacksonville Jaguars,2026,Liam Coen,,Grant Udinski,,Anthony Campanile,,2026 Jacksonville Jaguars season
12,Kansas City Chiefs,2026,Andy Reid,,,,,,2026 Kansas City Chiefs season
13,Las Vegas Raiders,2026,Klint Kubiak,,,,,,2026 Las Vegas Raiders season
24,Los Angeles Chargers,2026,Jim Harbaugh,,,,,,2026 Los Angeles Chargers season
14,Los Angeles Rams,2026,Sean McVay,,Nathan Scheelhaase,,Chris Shula,,2026 Los Angeles Rams season
15,Miami Dolphins,2026,Jeff Hafley,,,,,,2026 Miami Dolphins season
16,Minnesota Vikings,2026,Kevin O'Connell,,,,,,2026 Minnesota Vikings season
17,New England Patriots,2026,Mike Vrabel,,Josh McDaniels,,Zak Kuhr,,2026 New England Patriots season
18,New Orleans Saints,2026,Kellen Moore,,,,,,2026 New Orleans Saints season
19,New York Giants,2026,John Harbaugh,,,,,,2026 New York Giants season
20,New York Jets,2026,Aaron Glenn,,,,,,2026 New York Jets season
21,Philadelphia Eagles,2026,Nick Sirianni,,Sean Mannion,,Vic Fangio}},,2026 Philadelphia Eagles season
23,Pittsburgh Steelers,2026,Mike McCarthy,,Brian Angelichio,,Patrick Graham,,2026 Pittsburgh Steelers season
25,San Francisco 49ers,2026,Kyle Shanahan,,Klay Kubiak,,Raheem Morris,,2026 San Francisco 49ers season
26,Seattle Seahawks,2026,Mike Macdonald,,Brian Fleury,,Aden Durde,,2026 Seattle Seahawks season
27,Tampa Bay Buccaneers,2026,Todd Bowles,,,,,,2026 Tampa Bay Buccaneers season
10,Tennessee Titans,2026,Robert Saleh,,Brian Daboll,,Gus Bradley,,2026 Tennessee Titans season
28,Washington Commanders,2026,Dan Quinn,,David Blough,,Daronte Jones,,2026 Washington Commanders season
